{
    "mapScale": 3.869999885559082,
    "amplitude": 1.7000000476837159,
    "samplingCurve": {
        "serializedVersion": "2",
        "m_Curve": [],
        "m_PreInfinity": 2,
        "m_PostInfinity": 2,
        "m_RotationOrder": 4
    },
    "noiseSeed": 1,
    "noiseType": 0,
    "fractalType": 1,
    "octaves": 4,
    "frequency": 0.04159688577055931,
    "lacunarity": 0.2983599901199341,
    "persistence": 6.6815185546875
}